{"fold5, CE loss": 0.005672926036641002, "fold5, Jaccard": 0.2992575466632843, "fold5, Dice": 0.3938872516155243, "fold5, Hausedorff": 0.17606947124004363, "_runtime": 268513, "_timestamp": 1620263949, "_step": 7999, "fold6, CE loss": 0.010233641782354924, "fold6, Jaccard": 0.21662351489067078, "fold6, Dice": 0.2936730682849884, "fold6, Hausedorff": 0.10364221687608909, "fold7, CE loss": 0.010075643358211364, "fold7, Jaccard": 0.23588798940181732, "fold7, Dice": 0.31836041808128357, "fold7, Hausedorff": 0.10960193699406039, "fold8, CE loss": 0.0054580556345172225, "fold8, Jaccard": 0.1443186104297638, "fold8, Dice": 0.18600407242774963, "fold8, Hausedorff": 0.07996047949418425, "fold9, CE loss": 0.044351660686990486, "fold9, Jaccard": 0.22051577270030975, "fold9, Dice": 0.3290269672870636, "fold9, Hausedorff": 1.4541347130485203, "fold10, CE loss": 0.01854666262384384, "fold10, Jaccard": 0.3669445216655731, "fold10, Dice": 0.46030789613723755, "fold10, Hausedorff": 0.3878180316138652, "fold11, CE loss": 0.008845326345181093, "fold11, Jaccard": 0.2614089846611023, "fold11, Dice": 0.3538266122341156, "fold11, Hausedorff": 0.046118240628857166, "fold12, CE loss": 0.010366021003574134, "fold12, Jaccard": 0.23959513008594513, "fold12, Dice": 0.31807640194892883, "fold12, Hausedorff": 0.10087969452142716, "fold13, CE loss": 0.012265874804662806, "fold13, Jaccard": 0.4146178066730499, "fold13, Dice": 0.5004398226737976, "fold13, Hausedorff": 0.8803159700972694, "fold14, CE loss": 0.005685453496425907, "fold14, Jaccard": 0.15476097166538239, "fold14, Dice": 0.21323470771312714, "fold14, Hausedorff": 0.21728762984275818, "fold15, CE loss": 0.01128958359705783, "fold15, Jaccard": 0.07304376363754272, "fold15, Dice": 0.10914511978626251, "fold15, Hausedorff": 0.00823699523295675, "fold16, CE loss": 0.0011135444746974916, "fold16, Jaccard": 0.03333016857504845, "fold16, Dice": 0.04428867623209953, "fold16, Hausedorff": 0.003251087370106289, "fold17, CE loss": 0.0036785032651904556, "fold17, Jaccard": 0.05170875042676926, "fold17, Dice": 0.06072435528039932, "fold17, Hausedorff": 0.07399645447731018, "fold18, CE loss": 0.026738465192817872, "fold18, Jaccard": 0.11569419503211975, "fold18, Dice": 0.1800747811794281, "fold18, Hausedorff": 0.4427714674703537, "fold19, CE loss": 0.0009146052150754258, "fold19, Jaccard": 0.014718613587319851, "fold19, Dice": 0.020420420914888382, "fold19, Hausedorff": 0.007205401360988617, "fold20, CE loss": 0.004063772037625313, "fold20, Jaccard": 0.12254265695810318, "fold20, Dice": 0.16048018634319305, "fold20, Hausedorff": 0.10922393140693505}