{"fold6, CE loss": 0.010557402526178667, "fold6, Jaccard": 0.24327009916305542, "fold6, Dice": 0.3253009617328644, "fold6, Hausedorff": 0.08288022133732034, "_runtime": 226298, "_timestamp": 1620221702, "_step": 7499, "fold7, CE loss": 0.015063388363247918, "fold7, Jaccard": 0.2173069566488266, "fold7, Dice": 0.3033536374568939, "fold7, Hausedorff": 0.19295191175995335, "fold8, CE loss": 0.005126523313811049, "fold8, Jaccard": 0.0674242228269577, "fold8, Dice": 0.0916125476360321, "fold8, Hausedorff": 0.06563178490614519, "fold9, CE loss": 0.05485801042422005, "fold9, Jaccard": 0.23698876798152924, "fold9, Dice": 0.3501603603363037, "fold9, Hausedorff": 2.2293253774228305, "fold10, CE loss": 0.02176616992801428, "fold10, Jaccard": 0.3889486789703369, "fold10, Dice": 0.4735339283943176, "fold10, Hausedorff": 0.6654730987164282, "fold11, CE loss": 0.011283797983196564, "fold11, Jaccard": 0.2831873595714569, "fold11, Dice": 0.3778223395347595, "fold11, Hausedorff": 0.4069134839810431, "fold12, CE loss": 0.019146192353218794, "fold12, Jaccard": 0.19485731422901154, "fold12, Dice": 0.2751159071922302, "fold12, Hausedorff": 0.7670289367437363, "fold13, CE loss": 0.012777667525889618, "fold13, Jaccard": 0.42033714056015015, "fold13, Dice": 0.505056619644165, "fold13, Hausedorff": 2.9209907544510707, "fold14, CE loss": 0.00942715881384564, "fold14, Jaccard": 0.19356131553649902, "fold14, Dice": 0.26094576716423035, "fold14, Hausedorff": 0.05645167880824634, "fold15, CE loss": 0.003068667436049769, "fold15, Jaccard": 0.08501540869474411, "fold15, Dice": 0.11845529824495316, "fold15, Hausedorff": 0.03693546873650381, "fold16, CE loss": 0.0019041715620959421, "fold16, Jaccard": 0.023563005030155182, "fold16, Dice": 0.03313237801194191, "fold16, Hausedorff": 0.007787984682292473, "fold17, CE loss": 0.0033173253112989995, "fold17, Jaccard": 0.1158856675028801, "fold17, Dice": 0.13787955045700073, "fold17, Hausedorff": 0.033685773063755024, "fold18, CE loss": 0.0531533568376495, "fold18, Jaccard": 0.14552591741085052, "fold18, Dice": 0.2282654196023941, "fold18, Hausedorff": 1.048907660668896, "fold19, CE loss": 0.0012964134233698133, "fold19, Jaccard": 0.05058334767818451, "fold19, Dice": 0.06708790361881256, "fold19, Hausedorff": 0.0020050836727023126, "fold20, CE loss": 0.0014396484087531765, "fold20, Jaccard": 0.11389979720115662, "fold20, Dice": 0.14909137785434723, "fold20, Hausedorff": 0.004629443127972384}