{"fold5, CE loss": 0.00457203034311533, "fold5, Jaccard": 0.3292689919471741, "fold5, Dice": 0.41798579692840576, "fold5, Hausedorff": 0.05323295816779137, "_runtime": 269404, "_timestamp": 1620264854, "_step": 7999, "fold6, CE loss": 0.010823601045675816, "fold6, Jaccard": 0.167541041970253, "fold6, Dice": 0.2327594757080078, "fold6, Hausedorff": 0.18975981829627867, "fold7, CE loss": 0.011427467722716111, "fold7, Jaccard": 0.2073868215084076, "fold7, Dice": 0.2905750572681427, "fold7, Hausedorff": 0.11952729805582954, "fold8, CE loss": 0.00387718464480713, "fold8, Jaccard": 0.11182112991809845, "fold8, Dice": 0.15003855526447296, "fold8, Hausedorff": 0.016599326753930655, "fold9, CE loss": 0.06257407075685004, "fold9, Jaccard": 0.19570781290531158, "fold9, Dice": 0.2948452830314636, "fold9, Hausedorff": 3.315620401631231, "fold10, CE loss": 0.018423538805255966, "fold10, Jaccard": 0.3837587833404541, "fold10, Dice": 0.47739896178245544, "fold10, Hausedorff": 1.0219519909831785, "fold11, CE loss": 0.009722448041429743, "fold11, Jaccard": 0.24116358160972595, "fold11, Dice": 0.32828623056411743, "fold11, Hausedorff": 0.08231775043532252, "fold12, CE loss": 0.008306602109223604, "fold12, Jaccard": 0.25902101397514343, "fold12, Dice": 0.34302255511283875, "fold12, Hausedorff": 0.08969994722865522, "fold13, CE loss": 0.009971387085637875, "fold13, Jaccard": 0.4416726529598236, "fold13, Dice": 0.5205556154251099, "fold13, Hausedorff": 1.0280350941632475, "fold14, CE loss": 0.0031943471331032924, "fold14, Jaccard": 0.2713494598865509, "fold14, Dice": 0.3293023705482483, "fold14, Hausedorff": 0.20174512267112732, "fold15, CE loss": 0.008909436736757925, "fold15, Jaccard": 0.1365555375814438, "fold15, Dice": 0.18750078976154327, "fold15, Hausedorff": 0.02326940425804683, "fold16, CE loss": 0.00312185624578688, "fold16, Jaccard": 0.045089732855558395, "fold16, Dice": 0.055678628385066986, "fold16, Hausedorff": 0.01783641654907203, "fold17, CE loss": 0.0007770363655355242, "fold17, Jaccard": 0.10129028558731079, "fold17, Dice": 0.1177874505519867, "fold17, Hausedorff": 0.012139305976840356, "fold18, CE loss": 0.037664793612014864, "fold18, Jaccard": 0.13553321361541748, "fold18, Dice": 0.2012317031621933, "fold18, Hausedorff": 0.7534465530226307, "fold19, CE loss": 0.019022969901561736, "fold19, Jaccard": 0.04424407333135605, "fold19, Dice": 0.06441795080900192, "fold19, Hausedorff": 0.016879960801452397, "fold20, CE loss": 0.0013053937679311882, "fold20, Jaccard": 0.06144792586565018, "fold20, Dice": 0.0863158255815506, "fold20, Hausedorff": 0.007215063019733255}